,Gal,Rmax,epse,epse_2,Band,V_sige,V_sige_2,lamRe,lamRe_2,F_S,F_S2,Simbad,NED,LEDA,_RA,_DE,name,mu_e,er_mu_e,R_e,er_R_e,n,er_n,mu_e_b,er_mu_e_b,R_e_b,er_R_e_b,n_b,er_n_b,q_b,m0_d,er_m0_d,R_d,er_R_d,q_d,D/T,er_dt,lam_sqrt_eps
0,IC0560    ,1.1,0.587,0.479,G,0.77,0.607,0.691,0.589,F,F,Simbad,NED,LEDA,146.47265,-0.26822,IC0560   ,21.32,0.12   ,16.5 ,1.0   ,2.8,0.4 ,19.39 ,0.58     ,2.9  ,1.2     ,0.9,0.4   ,0.71,19.58,0.06   ,10.8,0.5   ,0.47,0.81,0.227,0.851035228609
1,IC0598    ,1.39,0.579,0.502,G,0.896,0.629,0.736,0.592,F,F,Simbad,NED,LEDA,153.20242,43.14555,IC0598   ,20.22,0.05   ,12.9 ,0.3   ,2.3,0.1 ,20.57 ,0.07     ,13.7 ,0.4     ,1.8,0.2   ,0.41,0.0,0.00   ,0.0,0.0   ,0.0,0.0,0.000,0.835545006668
2,IC0676    ,0.68,0.524,0.664,G,0.508,0.436,0.495,0.442,F,F,Simbad,NED,LEDA,168.16591,9.05574,IC0676   ,22.06,0.20   ,24.7 ,2.8   ,2.7,0.5 ,0.00  ,0.00     ,0.0  ,0.0     ,0.0,0.0   ,0.0,0.0,0.00   ,0.0,0.0   ,0.0,0.0,0.000,0.54242316651
3,IC0719    ,1.06,0.714,0.642,R,0.279,0.117,0.263,0.092,F,S,Simbad,NED,LEDA,175.07704,9.00986,IC0719   ,20.03,0.04   ,14.5 ,0.2   ,1.3,0.0 ,20.00 ,0.06     ,14.7 ,0.3     ,1.0,0.1   ,0.29,0.0,0.00   ,0.0,0.0   ,0.0,0.0,0.000,0.114820732549
4,IC0782    ,0.76,0.404,0.263,G,0.677,0.608,0.571,0.529,F,F,Simbad,NED,LEDA,185.40405,5.76567,IC0782   ,22.66,0.33   ,22.3 ,4.4   ,3.2,0.8 ,0.00  ,0.00     ,0.0  ,0.0     ,0.0,0.0   ,0.0,0.0,0.00   ,0.0,0.0   ,0.0,0.0,0.000,1.03152034422
5,IC1024    ,1.18,0.679,0.752,G,0.916,0.647,0.724,0.599,F,F,Simbad,NED,LEDA,217.86342,3.00911,IC1024   ,20.56,0.10   ,15.2 ,0.7   ,1.2,0.1 ,20.45 ,0.12     ,14.4 ,0.9     ,1.4,0.2   ,0.36,0.0,0.00   ,0.0,0.0   ,0.0,0.0,0.000,0.690745242012
6,IC3631    ,1.11,0.56,0.524,G,0.218,0.173,0.25,0.196,F,F,Simbad,NED,LEDA,189.9502,12.97393,IC3631   ,21.26,0.10   ,12.4 ,0.6   ,1.8,0.2 ,20.89 ,0.17     ,11.5 ,1.3     ,1.1,0.4   ,0.83,0.0,0.00   ,0.0,0.0   ,0.0,0.0,0.000,0.270763692358
7,NGC0448   ,1.22,0.643,0.656,G,0.38,0.377,0.327,0.291,F,F,Simbad,NED,LEDA,18.81887,-1.62611,NGC0448  ,19.32,0.05   ,11.2 ,0.3   ,2.6,0.2 ,18.29 ,0.10     ,4.7  ,0.3     ,0.9,0.1   ,0.38,18.06,0.01   ,9.1,0.3   ,0.34,0.69,0.030,0.359286640781
8,NGC0474   ,0.52,0.192,0.191,G,0.229,0.227,0.213,0.21,F,F,Simbad,NED,LEDA,20.02825,3.41544,NGC0474  ,23.84,0.67   ,77.5 ,42.2  ,10.6,2.0 ,18.62 ,0.11     ,4.3  ,0.3     ,1.8,0.5   ,0.93,20.16,0.03   ,21.3,0.9   ,0.77,0.67,0.036,0.480510200054
9,NGC0502   ,1.44,0.146,0.047,G,0.213,0.168,0.234,0.172,F,F,Simbad,NED,LEDA,20.73196,9.04903,NGC0502  ,20.9,0.26   ,13.0 ,2.0   ,4.1,1.3 ,0.00  ,0.00     ,0.0  ,0.0     ,0.0,0.0   ,0.0,0.0,0.00   ,0.0,0.0   ,0.0,0.0,0.000,0.793376838905
10,NGC0509   ,0.56,0.679,0.661,G,0.451,0.43,0.465,0.444,F,F,Simbad,NED,LEDA,20.85032,9.43347,NGC0509  ,22.03,0.21   ,23.5 ,2.9   ,1.6,0.4 ,0.00  ,0.00     ,0.0  ,0.0     ,0.0,0.0   ,0.0,0.0,0.00   ,0.0,0.0   ,0.0,0.0,0.000,0.546112654834
11,NGC0516   ,0.95,0.699,0.701,G,0.786,0.624,0.655,0.579,F,F,Simbad,NED,LEDA,21.03361,9.55167,NGC0516  ,20.86,0.06   ,16.4 ,0.4   ,1.5,0.1 ,20.83 ,0.11     ,16.6 ,0.7     ,1.1,0.1   ,0.35,0.0,0.00   ,0.0,0.0   ,0.0,0.0,0.000,0.691543581392
12,NGC0524   ,0.5,0.034,0.034,G,0.344,0.344,0.325,0.325,F,F,Simbad,NED,LEDA,21.19878,9.53879,NGC0524  ,20.67,0.13   ,31.9 ,2.1   ,2.8,0.2 ,21.83 ,0.69     ,41.4 ,16.2    ,5.3,2.3   ,0.94,19.57,0.07   ,18.6,1.9   ,0.96,0.28,0.043,1.76255996978
13,NGC0525   ,1.41,0.28,0.173,G,0.404,0.285,0.418,0.274,F,F,Simbad,NED,LEDA,21.22044,9.70324,NGC0525  ,20.75,0.06   ,10.3 ,0.3   ,2.3,0.2 ,19.72 ,0.27     ,3.7  ,0.4     ,0.9,0.3   ,0.87,20.4,0.04   ,11.3,0.8   ,0.74,0.71,0.036,0.658760440463
14,NGC0680   ,1.19,0.189,0.185,G,0.413,0.361,0.406,0.36,F,F,Simbad,NED,LEDA,27.44703,21.97083,NGC0680  ,22.4,0.34   ,32.6 ,7.1   ,9.2,1.4 ,22.55 ,0.40     ,35.5 ,10.3    ,8.1,1.5   ,0.81,0.0,0.00   ,0.0,0.0   ,0.0,0.0,0.000,0.836982998955
15,NGC0770   ,2.01,0.276,0.299,G,0.184,0.117,0.195,0.114,F,S,Simbad,NED,LEDA,29.80685,18.95469,NGC0770  ,19.63,0.10   ,6.0  ,0.3   ,2.4,0.2 ,19.25 ,0.12     ,4.8  ,0.5     ,1.3,0.3   ,0.71,21.13,0.08   ,10.9,2.1   ,0.73,0.31,0.102,0.208482332448
16,NGC0821   ,0.49,0.392,0.392,G,0.288,0.288,0.273,0.273,F,F,Simbad,NED,LEDA,32.08812,10.99487,NGC0821  ,25.14,0.09   ,248.7,49.3  ,10.4,0.7 ,18.58 ,0.22     ,5.0  ,0.7     ,1.6,0.4   ,0.66,19.08,0.02   ,16.8,1.5   ,0.6,0.74,0.043,0.436033255612
17,NGC0936   ,1.0,0.223,0.223,C,0.677,0.448,0.657,0.43,F,F,Simbad,NED,LEDA,36.90609,-1.15628,NGC0936  ,21.55,0.44   ,53.2 ,24.9  ,4.3,2.2 ,0.00  ,0.00     ,0.0  ,0.0     ,0.0,0.0   ,0.0,0.0,0.00   ,0.0,0.0   ,0.0,0.0,0.000,0.910575632258
18,NGC1023   ,0.47,0.363,0.363,G,0.372,0.372,0.391,0.391,F,F,Simbad,NED,LEDA,40.09958,39.06286,NGC1023  ,21.39,0.23   ,157.7,22.4  ,6.1,0.4 ,0.00  ,0.00     ,0.0  ,0.0     ,0.0,0.0   ,0.0,0.0,0.00   ,0.0,0.0   ,0.0,0.0,0.000,0.648968242377
19,NGC1121   ,2.14,0.559,0.45,G,0.828,0.587,0.711,0.548,F,F,Simbad,NED,LEDA,42.66339,-1.73404,NGC1121  ,19.64,0.09   ,7.2  ,0.3   ,1.9,0.2 ,19.81 ,0.07     ,8.4  ,0.3     ,1.0,0.1   ,0.44,0.0,0.00   ,0.0,0.0   ,0.0,0.0,0.000,0.81691016778
20,NGC1248   ,1.1,0.227,0.138,G,0.521,0.337,0.535,0.353,F,F,Simbad,NED,LEDA,48.20233,-5.22467,NGC1248  ,20.6,0.12   ,12.2 ,0.7   ,1.8,0.3 ,0.00  ,0.00     ,0.0  ,0.0     ,0.0,0.0   ,0.0,0.0,0.00   ,0.0,0.0   ,0.0,0.0,0.000,0.950244057133
21,NGC1266   ,0.88,0.193,0.207,G,0.775,0.589,0.638,0.517,F,F,Simbad,NED,LEDA,49.00317,-2.42734,NGC1266  ,21.3,0.10   ,17.2 ,0.8   ,1.9,0.2 ,21.35 ,0.11     ,17.5 ,1.0     ,2.1,0.2   ,0.77,0.0,0.00   ,0.0,0.0   ,0.0,0.0,0.000,1.13633234915
22,NGC1665   ,0.65,0.491,0.44,G,0.669,0.478,0.658,0.511,F,F,Simbad,NED,LEDA,72.0711,-5.42766,NGC1665  ,21.87,0.33   ,26.5 ,5.9   ,2.0,1.2 ,0.00  ,0.00     ,0.0  ,0.0     ,0.0,0.0   ,0.0,0.0,0.00   ,0.0,0.0   ,0.0,0.0,0.000,0.770361485396
23,NGC2481   ,1.26,0.684,0.467,G,0.686,0.399,0.678,0.428,F,F,Simbad,NED,LEDA,119.30718,23.76769,NGC2481  ,19.28,0.26   ,8.3  ,1.0   ,3.9,0.7 ,18.25 ,0.49     ,2.4  ,1.3     ,0.9,0.5   ,0.81,18.21,0.03   ,9.5,0.5   ,0.44,0.82,0.093,0.626304206688
24,NGC2549   ,0.88,0.587,0.488,G,0.623,0.563,0.572,0.523,F,F,Simbad,NED,LEDA,124.74311,57.80311,NGC2549  ,19.95,0.14   ,25.1 ,2.0   ,3.2,0.6 ,0.00  ,0.00     ,0.0  ,0.0     ,0.0,0.0   ,0.0,0.0,0.00   ,0.0,0.0   ,0.0,0.0,0.000,0.748672322115
25,NGC2577   ,1.13,0.471,0.421,G,0.874,0.733,0.696,0.623,F,F,Simbad,NED,LEDA,125.68114,22.55304,NGC2577  ,20.57,0.07   ,15.3 ,0.5   ,3.3,0.2 ,18.71 ,0.07     ,4.0  ,0.2     ,1.2,0.2   ,0.62,19.16,0.02   ,12.2,0.2   ,0.55,0.72,0.018,0.960167493306
26,NGC2592   ,1.39,0.208,0.21,G,0.529,0.422,0.549,0.431,F,F,Simbad,NED,LEDA,126.78367,25.97034,NGC2592  ,20.46,0.14   ,11.4 ,0.8   ,3.3,0.5 ,20.59 ,0.08     ,12.2 ,0.5     ,2.7,0.3   ,0.8,0.0,0.00   ,0.0,0.0   ,0.0,0.0,0.000,0.940519106917
27,NGC2594   ,2.92,0.403,0.433,G,0.455,0.45,0.404,0.444,F,F,Simbad,NED,LEDA,126.82161,25.87894,NGC2594  ,19.58,0.36   ,4.8  ,0.9   ,12.0,3.6 ,18.43 ,0.23     ,3.1  ,0.4     ,1.6,2.2   ,0.55,20.73,0.11   ,9.0,5.9   ,0.6,0.33,0.268,0.674743985321
28,NGC2679   ,0.46,0.368,0.368,G,0.185,0.185,0.193,0.193,F,F,Simbad,NED,LEDA,132.88719,30.86542,NGC2679  ,22.51,0.28   ,26.3 ,4.7   ,3.3,0.9 ,0.00  ,0.00     ,0.0  ,0.0     ,0.0,0.0   ,0.0,0.0,0.00   ,0.0,0.0   ,0.0,0.0,0.000,0.318151078413
29,NGC2685   ,0.9,0.612,0.592,G,0.84,0.734,0.691,0.632,F,F,Simbad,NED,LEDA,133.89479,58.73441,NGC2685  ,21.01,0.11   ,27.2 ,1.4   ,4.3,0.4 ,18.05 ,0.42     ,4.1  ,1.0     ,0.9,0.4   ,0.48,18.58,0.03   ,15.3,0.5   ,0.43,0.81,0.178,0.821402886958
30,NGC2695   ,1.04,0.293,0.225,G,0.582,0.422,0.575,0.406,F,F,Simbad,NED,LEDA,133.61278,-3.0671,NGC2695  ,20.87,0.11   ,18.2 ,0.9   ,4.2,0.4 ,21.02 ,0.18     ,19.5 ,1.8     ,3.9,0.7   ,0.7,0.0,0.00   ,0.0,0.0   ,0.0,0.0,0.000,0.855923153352
31,NGC2698   ,1.27,0.516,0.267,S,0.569,0.331,0.593,0.345,F,F,Simbad,NED,LEDA,133.90222,-3.18388,NGC2698  ,19.9,0.09   ,13.8 ,0.6   ,3.4,0.4 ,17.50 ,0.29     ,2.2  ,0.3     ,1.0,0.3   ,0.76,18.48,0.02   ,11.0,0.1   ,0.51,0.77,0.030,0.667672462255
32,NGC2699   ,1.39,0.143,0.202,G,0.45,0.393,0.444,0.398,F,F,Simbad,NED,LEDA,133.95342,-3.12751,NGC2699  ,20.2,0.08   ,9.6  ,0.4   ,4.1,0.4 ,19.66 ,0.17     ,7.6  ,0.6     ,2.9,0.5   ,0.85,0.0,0.00   ,0.0,0.0   ,0.0,0.0,0.000,0.885538377385
33,NGC2764   ,1.25,0.614,0.662,G,0.783,0.568,0.658,0.535,F,F,Simbad,NED,LEDA,137.07298,21.44345,NGC2764  ,20.84,0.04   ,15.7 ,0.3   ,1.6,0.1 ,20.41 ,0.05     ,14.6 ,0.3     ,1.1,0.1   ,0.38,0.0,0.00   ,0.0,0.0   ,0.0,0.0,0.000,0.65754395164
34,NGC2768   ,0.35,0.472,0.472,G,0.236,0.236,0.253,0.253,F,F,Simbad,NED,LEDA,137.90627,60.03721,NGC2768  ,21.63,0.06   ,81.8 ,2.3   ,3.3,0.1 ,21.68 ,0.16     ,80.3 ,7.1     ,2.9,0.2   ,0.46,0.0,0.00   ,0.0,0.0   ,0.0,0.0,0.000,0.36825573741
35,NGC2778   ,1.05,0.224,0.201,G,0.574,0.419,0.572,0.435,F,F,Simbad,NED,LEDA,138.10164,35.02742,NGC2778  ,20.79,0.12   ,13.4 ,0.7   ,2.0,0.4 ,19.11 ,0.22     ,3.3  ,0.4     ,1.0,0.3   ,0.87,19.36,0.04   ,9.9,0.2   ,0.79,0.78,0.027,0.970266927421
36,NGC2824   ,2.49,0.162,0.107,G,0.534,0.407,0.492,0.37,F,F,Simbad,NED,LEDA,139.75927,26.27,NGC2824  ,20.82,0.61   ,9.1  ,11.1  ,6.9,2.7 ,0.00  ,0.00     ,0.0  ,0.0     ,0.0,0.0   ,0.0,0.0,0.00   ,0.0,0.0   ,0.0,0.0,0.000,1.13112300495
37,NGC2852   ,2.6,0.135,0.043,G,0.32,0.186,0.368,0.201,F,F,Simbad,NED,LEDA,140.81068,40.16388,NGC2852  ,19.91,0.37   ,5.6  ,1.2   ,7.9,1.7 ,19.78 ,0.26     ,5.2  ,1.1     ,1.7,2.0   ,0.89,22.26,0.18   ,17.1,11.4  ,0.86,0.31,0.279,0.969308072563
38,NGC2859   ,0.6,0.089,0.057,G,0.41,0.408,0.359,0.361,F,F,Simbad,NED,LEDA,141.07729,34.51338,NGC2859  ,21.07,0.54   ,25.6 ,12.3  ,6.3,2.1 ,0.00  ,0.00     ,0.0  ,0.0     ,0.0,0.0   ,0.0,0.0,0.00   ,0.0,0.0   ,0.0,0.0,0.000,1.51206260893
39,NGC2880   ,0.81,0.282,0.208,G,0.627,0.508,0.581,0.482,F,F,Simbad,NED,LEDA,142.39424,62.49062,NGC2880  ,21.09,0.10   ,23.8 ,1.2   ,4.4,0.4 ,0.00  ,0.00     ,0.0  ,0.0     ,0.0,0.0   ,0.0,0.0,0.00   ,0.0,0.0   ,0.0,0.0,0.000,1.05685491326
40,NGC2950   ,1.11,0.362,0.237,G,0.488,0.472,0.436,0.428,F,F,Simbad,NED,LEDA,145.64632,58.85122,NGC2950  ,20.0,0.26   ,19.1 ,2.9   ,6.5,1.7 ,0.00  ,0.00     ,0.0  ,0.0     ,0.0,0.0   ,0.0,0.0,0.00   ,0.0,0.0   ,0.0,0.0,0.000,0.879163392119
41,NGC2962   ,0.64,0.484,0.319,G,0.376,0.298,0.43,0.329,F,F,Simbad,NED,LEDA,145.22461,5.16582,NGC2962  ,23.33,0.57   ,71.7 ,47.9  ,6.4,2.2 ,0.00  ,0.00     ,0.0  ,0.0     ,0.0,0.0   ,0.0,0.0,0.00   ,0.0,0.0   ,0.0,0.0,0.000,0.582506205653
42,NGC2974   ,0.53,0.407,0.403,R,0.813,0.811,0.663,0.664,F,F,Simbad,NED,LEDA,145.63861,-3.69912,NGC2974  ,20.93,0.15   ,33.1 ,2.6   ,4.0,0.4 ,20.16 ,0.33     ,22.1 ,4.9     ,2.7,0.6   ,0.61,0.0,0.00   ,0.0,0.0   ,0.0,0.0,0.000,1.04596115581
43,NGC3032   ,1.32,0.102,0.176,G,0.267,0.173,0.344,0.201,F,F,Simbad,NED,LEDA,148.03412,29.23628,NGC3032  ,22.7,0.43   ,32.8 ,12.6  ,4.2,1.7 ,22.16 ,0.17     ,26.2 ,2.3     ,2.3,0.4   ,0.85,0.0,0.00   ,0.0,0.0   ,0.0,0.0,0.000,0.479114951096
44,NGC3073   ,1.24,0.124,0.162,G,0.136,0.092,0.145,0.086,F,S,Simbad,NED,LEDA,150.21684,55.61894,NGC3073  ,22.73,0.12   ,21.5 ,1.2   ,4.4,0.4 ,22.56 ,0.14     ,20.0 ,1.4     ,3.8,0.5   ,0.91,0.0,0.00   ,0.0,0.0   ,0.0,0.0,0.000,0.21366871785
45,NGC3098   ,1.2,0.553,0.44,S,0.744,0.446,0.635,0.422,F,F,Simbad,NED,LEDA,150.56946,24.71109,NGC3098  ,19.29,0.03   ,15.7 ,0.2   ,1.6,0.0 ,18.61 ,0.75     ,2.1  ,1.5     ,0.6,0.1   ,0.8,17.66,0.03   ,9.9,0.5   ,0.36,0.94,0.060,0.636188937059
46,NGC3156   ,0.96,0.478,0.469,G,0.771,0.611,0.648,0.559,F,F,Simbad,NED,LEDA,153.17169,3.12932,NGC3156  ,20.84,0.03   ,19.9 ,0.3   ,1.8,0.1 ,20.89 ,0.03     ,20.5 ,0.2     ,1.5,0.0   ,0.52,0.0,0.00   ,0.0,0.0   ,0.0,0.0,0.000,0.816254120304
47,NGC3182   ,0.79,0.166,0.195,G,0.372,0.405,0.306,0.369,F,F,Simbad,NED,LEDA,154.88756,58.20582,NGC3182  ,21.6,0.06   ,21.3 ,0.6   ,2.9,0.1 ,21.75 ,0.09     ,22.6 ,1.0     ,3.1,0.2   ,0.85,0.0,0.00   ,0.0,0.0   ,0.0,0.0,0.000,0.835620451199
48,NGC3193   ,0.57,0.129,0.143,G,0.208,0.208,0.195,0.197,F,F,Simbad,NED,LEDA,154.60368,21.89398,NGC3193  ,21.52,0.04   ,33.1 ,0.6   ,5.3,0.1 ,23.58 ,1.05     ,90.3 ,17.5    ,9.3,0.8   ,0.87,19.37,0.07   ,6.2,3.3   ,0.85,0.04,0.023,0.520952597068
49,NGC3226   ,0.53,0.168,0.159,G,0.273,0.275,0.251,0.257,F,F,Simbad,NED,LEDA,155.86255,19.89844,NGC3226  ,22.95,0.29   ,65.4 ,13.3  ,4.6,0.7 ,21.98 ,0.46     ,27.2 ,28.9    ,5.1,0.6   ,0.83,21.02,0.12   ,29.4,4.9   ,0.83,0.41,0.210,0.64451727341
50,NGC3230   ,0.81,0.55,0.36,G,0.617,0.393,0.609,0.403,F,F,Simbad,NED,LEDA,155.93309,12.56788,NGC3230  ,20.35,0.12   ,19.5 ,1.2   ,2.0,0.3 ,0.00  ,0.00     ,0.0  ,0.0     ,0.0,0.0   ,0.0,0.0,0.00   ,0.0,0.0   ,0.0,0.0,0.000,0.671666666667
51,NGC3245   ,0.62,0.442,0.444,G,0.624,0.579,0.626,0.592,F,F,Simbad,NED,LEDA,156.82652,28.50744,NGC3245  ,20.32,0.31   ,24.5 ,7.0   ,3.2,1.9 ,18.53 ,0.47     ,5.9  ,4.5     ,2.3,1.3   ,0.71,19.06,0.05   ,20.6,1.0   ,0.54,0.67,0.147,0.888444333278
52,NGC3248   ,1.09,0.374,0.29,G,0.514,0.38,0.511,0.35,F,F,Simbad,NED,LEDA,156.93927,22.84717,NGC3248  ,22.08,0.31   ,27.8 ,5.6   ,5.2,1.5 ,0.00  ,0.00     ,0.0  ,0.0     ,0.0,0.0   ,0.0,0.0,0.00   ,0.0,0.0   ,0.0,0.0,0.000,0.64993368362
53,NGC3301   ,0.81,0.507,0.324,G,0.676,0.55,0.603,0.461,F,F,Simbad,NED,LEDA,159.23346,21.88217,NGC3301  ,20.28,0.19   ,27.0 ,3.5   ,2.2,0.8 ,0.00  ,0.00     ,0.0  ,0.0     ,0.0,0.0   ,0.0,0.0,0.00   ,0.0,0.0   ,0.0,0.0,0.000,0.809894445188
54,NGC3377   ,0.42,0.503,0.503,G,0.564,0.564,0.522,0.522,F,F,Simbad,NED,LEDA,161.92667,13.98564,NGC3377  ,21.61,0.16   ,53.4 ,4.5   ,5.0,0.5 ,18.44 ,0.51     ,7.2  ,2.0     ,2.5,1.7   ,0.52,18.81,0.03   ,21.9,1.0   ,0.49,0.69,0.130,0.736014737513
55,NGC3379   ,0.5,0.104,0.104,G,0.152,0.152,0.157,0.157,F,F,Simbad,NED,LEDA,161.95667,12.58163,NGC3379  ,20.83,0.23   ,49.7 ,6.4   ,5.3,0.9 ,20.74 ,0.65     ,40.4 ,16.9    ,6.2,1.9   ,0.86,20.48,0.10   ,36.3,6.7   ,0.87,0.19,0.126,0.486836333263
56,NGC3384   ,0.54,0.065,0.058,G,0.456,0.449,0.407,0.397,F,F,Simbad,NED,LEDA,162.07042,12.62858,NGC3384  ,20.4,0.31   ,40.8 ,14.2  ,5.1,2.1 ,0.00  ,0.00     ,0.0  ,0.0     ,0.0,0.0   ,0.0,0.0,0.00   ,0.0,0.0   ,0.0,0.0,0.000,1.6484527751
57,NGC3400   ,1.02,0.437,0.437,C,0.764,0.48,0.664,0.47,F,F,Simbad,NED,LEDA,162.68959,28.46893,NGC3400  ,20.95,0.10   ,14.6 ,0.6   ,1.4,0.2 ,0.00  ,0.00     ,0.0  ,0.0     ,0.0,0.0   ,0.0,0.0,0.00   ,0.0,0.0   ,0.0,0.0,0.000,0.710979599459
58,NGC3412   ,0.51,0.441,0.441,C,0.375,0.371,0.406,0.403,F,F,Simbad,NED,LEDA,162.72214,13.41214,NGC3412  ,20.36,0.28   ,28.1 ,10.0  ,2.8,2.2 ,0.00  ,0.00     ,0.0  ,0.0     ,0.0,0.0   ,0.0,0.0,0.00   ,0.0,0.0   ,0.0,0.0,0.000,0.606856141451
59,NGC3457   ,1.28,0.033,0.032,S,0.109,0.091,0.104,0.086,F,F,Simbad,NED,LEDA,163.70259,17.62116,NGC3457  ,20.22,0.09   ,9.7  ,0.4   ,1.2,0.1 ,18.26 ,0.54     ,1.8  ,1.0     ,0.8,0.3   ,1.0,18.56,0.04   ,6.3,0.1   ,0.95,0.84,0.063,0.480754615162
60,NGC3458   ,1.61,0.231,0.114,G,0.438,0.245,0.461,0.25,F,F,Simbad,NED,LEDA,164.00604,57.11697,NGC3458  ,19.97,0.32   ,10.1 ,2.3   ,1.7,0.9 ,0.00  ,0.00     ,0.0  ,0.0     ,0.0,0.0   ,0.0,0.0,0.00   ,0.0,0.0   ,0.0,0.0,0.000,0.740436097199
61,NGC3489   ,0.77,0.262,0.221,G,0.687,0.621,0.589,0.552,F,F,Simbad,NED,LEDA,165.07745,13.90126,NGC3489  ,19.51,0.13   ,22.7 ,1.6   ,2.9,0.5 ,0.00  ,0.00     ,0.0  ,0.0     ,0.0,0.0   ,0.0,0.0,0.00   ,0.0,0.0   ,0.0,0.0,0.000,1.17420233828
62,NGC3499   ,2.03,0.139,0.143,G,0.323,0.236,0.318,0.227,F,F,Simbad,NED,LEDA,165.79628,56.22166,NGC3499  ,20.31,0.18   ,7.6  ,0.7   ,1.4,0.3 ,20.27 ,0.23     ,7.6  ,1.0     ,1.2,0.4   ,0.85,0.0,0.00   ,0.0,0.0   ,0.0,0.0,0.000,0.60028547987
63,NGC3530   ,1.91,0.642,0.555,G,0.741,0.554,0.656,0.537,F,F,Simbad,NED,LEDA,167.16841,57.23016,NGC3530  ,19.35,0.12   ,6.1  ,0.4   ,2.2,0.2 ,19.41 ,0.06     ,7.5  ,0.2     ,1.0,0.1   ,0.73,0.0,0.00   ,0.0,0.0   ,0.0,0.0,0.000,0.7208216033
64,NGC3595   ,1.1,0.507,0.376,G,0.456,0.278,0.51,0.301,F,F,Simbad,NED,LEDA,168.85646,47.44715,NGC3595  ,20.76,0.23   ,15.9 ,2.1   ,3.8,1.1 ,0.00  ,0.00     ,0.0  ,0.0     ,0.0,0.0   ,0.0,0.0,0.00   ,0.0,0.0   ,0.0,0.0,0.000,0.490876874973
65,NGC3599   ,0.65,0.08,0.08,C,0.273,0.241,0.282,0.239,F,F,Simbad,NED,LEDA,168.8623,18.11037,NGC3599  ,23.23,0.46   ,46.8 ,17.0  ,5.5,1.6 ,0.00  ,0.00     ,0.0  ,0.0     ,0.0,0.0   ,0.0,0.0,0.00   ,0.0,0.0   ,0.0,0.0,0.000,0.844992603518
66,NGC3605   ,0.95,0.409,0.353,R,0.415,0.336,0.434,0.347,F,F,Simbad,NED,LEDA,169.19426,18.01714,NGC3605  ,21.34,0.44   ,18.5 ,6.5   ,6.1,2.7 ,19.78 ,0.64     ,5.5  ,2.9     ,3.5,2.3   ,0.68,19.38,0.05   ,9.6,0.6   ,0.62,0.54,0.157,0.584039367682
67,NGC3607   ,0.6,0.185,0.194,G,0.283,0.294,0.209,0.228,F,F,Simbad,NED,LEDA,169.22774,18.05181,NGC3607  ,21.74,0.18   ,59.5 ,5.6   ,5.7,0.5 ,21.21 ,0.14     ,46.5 ,3.2     ,5.0,0.4   ,0.89,0.0,0.00   ,0.0,0.0   ,0.0,0.0,0.000,0.517647334473
68,NGC3610   ,1.1,0.381,0.4,G,0.642,0.639,0.53,0.539,F,F,Simbad,NED,LEDA,169.60532,58.78625,NGC3610  ,19.69,0.09   ,15.1 ,0.7   ,5.3,0.4 ,17.03 ,0.05     ,3.9  ,0.1     ,1.1,0.1   ,0.55,18.18,0.01   ,11.8,0.2   ,0.63,0.64,0.012,0.852233829415
69,NGC3613   ,0.59,0.46,0.423,G,0.202,0.176,0.222,0.191,F,F,Simbad,NED,LEDA,169.65054,57.99992,NGC3613  ,20.69,0.06   ,29.7 ,0.8   ,3.8,0.2 ,19.08 ,0.44     ,7.6  ,4.5     ,1.9,1.0   ,0.66,18.96,0.04   ,19.1,1.6   ,0.54,0.69,0.181,0.293672434556
70,NGC3619   ,0.62,0.173,0.176,G,0.285,0.274,0.293,0.283,F,F,Simbad,NED,LEDA,169.84009,57.75768,NGC3619  ,24.67,0.69   ,119.3,68.0  ,9.8,1.8 ,20.49 ,0.59     ,10.8 ,8.3     ,5.6,2.9   ,0.91,21.31,0.13   ,29.9,1.6   ,0.91,0.46,0.209,0.674574781891
71,NGC3626   ,0.57,0.591,0.583,G,0.728,0.681,0.66,0.62,F,F,Simbad,NED,LEDA,170.01581,18.35679,NGC3626  ,20.99,0.37   ,29.0 ,13.2  ,2.7,1.9 ,0.00  ,0.00     ,0.0  ,0.0     ,0.0,0.0   ,0.0,0.0,0.00   ,0.0,0.0   ,0.0,0.0,0.000,0.812002585569
72,NGC3630   ,1.04,0.665,0.371,G,0.639,0.404,0.648,0.421,F,F,Simbad,NED,LEDA,170.07079,2.96417,NGC3630  ,19.32,0.10   ,13.2 ,0.7   ,2.4,0.2 ,18.05 ,0.58     ,3.1  ,1.3     ,0.6,0.5   ,0.81,18.4,0.04   ,12.1,0.7   ,0.46,0.81,0.091,0.691186331227
73,NGC3640   ,0.76,0.191,0.224,G,0.37,0.315,0.377,0.32,F,F,Simbad,NED,LEDA,170.27855,3.23476,NGC3640  ,21.4,0.12   ,42.2 ,2.7   ,4.6,0.3 ,19.68 ,0.44     ,16.8 ,8.8     ,2.1,0.8   ,0.77,21.49,0.16   ,49.9,21.8  ,0.82,0.4,0.302,0.676123403783
74,NGC3641   ,1.84,0.125,0.215,G,0.331,0.353,0.243,0.328,F,F,Simbad,NED,LEDA,170.28662,3.19449,NGC3641  ,24.58,0.70   ,51.9 ,41.2  ,12.0,0.0 ,18.52 ,0.49     ,2.6  ,0.2     ,1.7,0.4   ,0.78,21.1,0.11   ,13.6,4.7   ,0.92,0.55,0.053,0.707382992215
75,NGC3648   ,1.24,0.421,0.326,G,0.711,0.479,0.684,0.496,F,F,Simbad,NED,LEDA,170.6312,39.87697,NGC3648  ,20.43,0.21   ,12.9 ,1.9   ,1.8,0.8 ,18.29 ,0.24     ,2.5  ,0.4     ,0.6,0.3   ,0.78,18.99,0.03   ,9.5,0.3   ,0.6,0.79,0.038,0.868706110689
76,NGC3658   ,0.91,0.243,0.148,G,0.462,0.336,0.546,0.398,F,F,Simbad,NED,LEDA,170.9927,38.56242,NGC3658  ,21.63,0.29   ,21.1 ,4.8   ,2.6,1.6 ,0.00  ,0.00     ,0.0  ,0.0     ,0.0,0.0   ,0.0,0.0,0.00   ,0.0,0.0   ,0.0,0.0,0.000,1.03455173737
77,NGC3665   ,0.77,0.216,0.176,G,0.463,0.439,0.41,0.388,F,F,Simbad,NED,LEDA,171.18179,38.76279,NGC3665  ,21.62,0.09   ,47.3 ,2.1   ,3.3,0.2 ,21.66 ,0.10     ,48.5 ,2.3     ,2.9,0.2   ,0.78,0.0,0.00   ,0.0,0.0   ,0.0,0.0,0.000,0.924858711568
78,NGC3674   ,1.28,0.568,0.342,G,0.491,0.292,0.541,0.308,F,F,Simbad,NED,LEDA,171.61087,57.04829,NGC3674  ,19.61,0.05   ,11.5 ,0.3   ,2.2,0.1 ,18.41 ,0.43     ,2.9  ,0.7     ,5.0,3.1   ,0.76,18.99,0.04   ,10.8,0.2   ,0.5,0.57,0.114,0.526668887404
79,NGC3694   ,1.71,0.268,0.208,G,0.269,0.203,0.256,0.191,F,F,Simbad,NED,LEDA,172.22557,35.41386,NGC3694  ,20.2,0.18   ,7.4  ,0.8   ,2.2,0.4 ,20.25 ,0.14     ,8.1  ,0.6     ,1.6,0.3   ,0.74,0.0,0.00   ,0.0,0.0   ,0.0,0.0,0.000,0.418795204219
80,NGC3757   ,2.06,0.153,0.153,C,0.119,0.096,0.126,0.098,F,S,Simbad,NED,LEDA,174.26177,58.41565,NGC3757  ,19.42,0.36   ,6.2  ,1.2   ,3.8,0.9 ,0.00  ,0.00     ,0.0  ,0.0     ,0.0,0.0   ,0.0,0.0,0.00   ,0.0,0.0   ,0.0,0.0,0.000,0.250541896357
81,NGC3838   ,1.42,0.605,0.385,S,0.743,0.536,0.676,0.509,F,F,Simbad,NED,LEDA,176.0572,57.9481,NGC3838  ,19.39,0.12   ,10.2 ,0.6   ,2.5,0.2 ,17.55 ,0.41     ,2.1  ,0.4     ,0.6,0.3   ,0.77,18.05,0.03   ,8.3,0.2   ,0.49,0.81,0.051,0.820327777378
82,NGC3941   ,0.66,0.251,0.251,C,0.439,0.352,0.468,0.373,F,F,Simbad,NED,LEDA,178.23067,36.98638,NGC3941  ,19.68,0.18   ,21.3 ,2.4   ,2.5,0.6 ,0.00  ,0.00     ,0.0  ,0.0     ,0.0,0.0   ,0.0,0.0,0.00   ,0.0,0.0   ,0.0,0.0,0.000,0.744512461132
83,NGC3945   ,0.74,0.09,0.23,G,0.717,0.741,0.524,0.561,F,F,Simbad,NED,LEDA,178.30719,60.67556,NGC3945  ,21.24,0.47   ,36.9 ,12.4  ,6.5,2.5 ,0.00  ,0.00     ,0.0  ,0.0     ,0.0,0.0   ,0.0,0.0,0.00   ,0.0,0.0   ,0.0,0.0,0.000,1.16976586286
84,NGC3998   ,0.87,0.17,0.164,G,0.415,0.326,0.454,0.342,F,F,Simbad,NED,LEDA,179.48404,55.45356,NGC3998  ,19.9,0.32   ,19.3 ,4.5   ,4.6,1.9 ,17.60 ,0.16     ,5.0  ,0.4     ,1.3,0.4   ,0.87,19.25,0.03   ,21.0,0.7   ,0.81,0.63,0.036,0.844508805135
85,NGC4026   ,0.75,0.556,0.438,G,0.54,0.451,0.548,0.442,F,F,Simbad,NED,LEDA,179.85495,50.96169,NGC4026  ,19.42,0.13   ,28.5 ,2.0   ,2.4,0.4 ,17.87 ,0.06     ,5.4  ,14.5    ,1.7,0.8   ,0.64,18.68,0.03   ,26.5,1.3   ,0.4,0.75,0.000,0.667859663163
86,NGC4036   ,0.53,0.555,0.54,G,0.818,0.803,0.685,0.678,F,F,Simbad,NED,LEDA,180.36205,61.8957,NGC4036  ,19.85,0.07   ,29.3 ,0.9   ,2.0,0.1 ,21.87 ,0.58     ,26.9 ,8.5     ,8.6,2.2   ,0.4,18.46,0.04   ,21.0,0.6   ,0.43,0.74,0.020,0.922641136448
87,NGC4078   ,2.0,0.561,0.51,S,0.575,0.524,0.523,0.496,F,F,Simbad,NED,LEDA,181.19845,10.59554,NGC4078  ,19.82,0.06   ,8.9  ,0.3   ,3.8,0.2 ,19.76 ,0.04     ,9.6  ,0.2     ,2.1,0.1   ,0.37,0.0,0.00   ,0.0,0.0   ,0.0,0.0,0.000,0.694538921678
88,NGC4111   ,1.25,0.582,0.498,S,0.72,0.663,0.619,0.567,F,F,Simbad,NED,LEDA,181.76303,43.06539,NGC4111  ,18.79,0.05   ,24.6 ,0.6   ,2.1,0.1 ,18.69 ,0.04     ,23.3 ,0.5     ,2.3,0.1   ,0.21,0.0,0.00   ,0.0,0.0   ,0.0,0.0,0.000,0.803467635293
89,NGC4119   ,0.61,0.598,0.563,G,0.895,0.808,0.701,0.66,F,F,Simbad,NED,LEDA,182.04017,10.37872,NGC4119  ,21.72,0.22   ,56.1 ,7.9   ,2.1,0.3 ,20.02 ,0.31     ,8.0  ,7.2     ,0.3,0.5   ,0.52,19.78,0.05   ,33.7,2.0   ,0.41,0.93,0.058,0.879609149437
90,NGC4143   ,0.73,0.39,0.324,G,0.504,0.369,0.538,0.398,F,F,Simbad,NED,LEDA,182.40036,42.53422,NGC4143  ,19.54,0.18   ,16.9 ,2.0   ,2.1,0.6 ,0.00  ,0.00     ,0.0  ,0.0     ,0.0,0.0   ,0.0,0.0,0.00   ,0.0,0.0   ,0.0,0.0,0.000,0.699214727082
91,NGC4150   ,0.98,0.328,0.274,G,0.514,0.337,0.513,0.338,F,F,Simbad,NED,LEDA,182.64023,30.40149,NGC4150  ,20.44,0.20   ,18.0 ,2.7   ,2.0,0.7 ,17.71 ,0.51     ,2.6  ,0.8     ,1.4,0.6   ,0.85,19.0,0.04   ,13.6,0.3   ,0.7,0.76,0.073,0.645715808316
92,NGC4179   ,0.77,0.591,0.501,G,0.589,0.47,0.587,0.48,F,F,Simbad,NED,LEDA,183.21709,1.29967,NGC4179  ,19.68,0.08   ,26.0 ,1.0   ,2.6,0.2 ,18.84 ,0.45     ,8.1  ,4.3     ,1.4,0.8   ,0.57,18.93,0.04   ,23.6,2.2   ,0.38,0.7,0.161,0.678144703969
93,NGC4203   ,0.59,0.154,0.18,G,0.281,0.255,0.305,0.275,F,F,Simbad,NED,LEDA,183.77093,33.19724,NGC4203  ,21.66,0.41   ,42.8 ,25.5  ,5.6,2.5 ,18.51 ,0.17     ,6.8  ,0.7     ,1.3,0.4   ,0.9,19.78,0.04   ,27.6,1.7   ,0.91,0.71,0.034,0.648181216088
94,NGC4215   ,0.83,0.702,0.444,G,0.516,0.363,0.553,0.37,F,F,Simbad,NED,LEDA,183.97714,6.40113,NGC4215  ,20.1,0.14   ,17.8 ,1.7   ,1.9,0.5 ,0.00  ,0.00     ,0.0  ,0.0     ,0.0,0.0   ,0.0,0.0,0.00   ,0.0,0.0   ,0.0,0.0,0.000,0.555277708299
95,NGC4233   ,1.15,0.277,0.162,G,0.578,0.401,0.564,0.39,F,F,Simbad,NED,LEDA,184.28204,7.62443,NGC4233  ,20.56,0.18   ,19.9 ,2.0   ,3.3,0.7 ,18.44 ,0.19     ,4.4  ,0.4     ,0.8,0.2   ,0.73,20.0,0.04   ,20.6,1.1   ,0.63,0.72,0.028,0.96896279025
96,NGC4249   ,1.32,0.048,0.04,G,0.204,0.142,0.194,0.127,F,F,Simbad,NED,LEDA,184.49765,5.59872,NGC4249  ,21.83,0.09   ,11.6 ,0.5   ,1.9,0.2 ,21.87 ,0.11     ,11.8 ,0.7     ,1.8,0.4   ,0.97,0.0,0.00   ,0.0,0.0   ,0.0,0.0,0.000,0.635
97,NGC4251   ,0.79,0.508,0.387,G,0.637,0.503,0.584,0.466,F,F,Simbad,NED,LEDA,184.53461,28.1753,NGC4251  ,19.9,0.09   ,23.4 ,1.0   ,3.6,0.3 ,0.00  ,0.00     ,0.0  ,0.0     ,0.0,0.0   ,0.0,0.0,0.00   ,0.0,0.0   ,0.0,0.0,0.000,0.749083850438
98,NGC4255   ,1.34,0.434,0.127,S,0.622,0.374,0.606,0.37,F,F,Simbad,NED,LEDA,184.7341,4.78592,NGC4255  ,20.09,0.19   ,11.6 ,1.3   ,2.2,0.4 ,0.00  ,0.00     ,0.0  ,0.0     ,0.0,0.0   ,0.0,0.0,0.00   ,0.0,0.0   ,0.0,0.0,0.000,1.03824503654
99,NGC4259   ,1.93,0.553,0.45,G,0.231,0.081,0.237,0.068,F,S,Simbad,NED,LEDA,184.84247,5.37624,NGC4259  ,20.31,0.05   ,9.1  ,0.2   ,2.5,0.1 ,20.66 ,0.05     ,10.6 ,0.3     ,1.9,0.1   ,0.54,0.0,0.00   ,0.0,0.0   ,0.0,0.0,0.000,0.10136841498
100,NGC4262   ,1.39,0.117,0.117,C,0.297,0.254,0.309,0.25,F,F,Simbad,NED,LEDA,184.87742,14.87772,NGC4262  ,19.49,0.48   ,9.8  ,3.0   ,4.7,2.6 ,0.00  ,0.00     ,0.0  ,0.0     ,0.0,0.0   ,0.0,0.0,0.00   ,0.0,0.0   ,0.0,0.0,0.000,0.730881682756
101,NGC4264   ,1.26,0.191,0.191,C,0.541,0.355,0.499,0.341,F,F,Simbad,NED,LEDA,184.89908,5.8468,NGC4264  ,20.77,0.11   ,11.7 ,0.6   ,2.3,0.3 ,0.00  ,0.00     ,0.0  ,0.0     ,0.0,0.0   ,0.0,0.0,0.00   ,0.0,0.0   ,0.0,0.0,0.000,0.780257039135
102,NGC4267   ,0.53,0.079,0.079,C,0.26,0.241,0.282,0.253,F,F,Simbad,NED,LEDA,184.93867,12.79836,NGC4267  ,22.01,0.48   ,37.8 ,28.4  ,7.6,2.8 ,0.00  ,0.00     ,0.0  ,0.0     ,0.0,0.0   ,0.0,0.0,0.00   ,0.0,0.0   ,0.0,0.0,0.000,0.90013360471
103,NGC4268   ,0.93,0.552,0.348,G,0.491,0.333,0.492,0.33,F,F,Simbad,NED,LEDA,184.94676,5.28365,NGC4268  ,20.36,0.12   ,14.2 ,0.9   ,1.9,0.3 ,0.00  ,0.00     ,0.0  ,0.0     ,0.0,0.0   ,0.0,0.0,0.00   ,0.0,0.0   ,0.0,0.0,0.000,0.559402390487
104,NGC4270   ,0.96,0.543,0.424,G,0.378,0.289,0.406,0.294,F,F,Simbad,NED,LEDA,184.95598,5.46337,NGC4270  ,20.38,0.08   ,18.8 ,0.7   ,1.8,0.2 ,19.09 ,0.60     ,3.5  ,2.0     ,0.9,0.7   ,0.73,18.84,0.05   ,13.2,0.5   ,0.53,0.87,0.120,0.451506910873
105,NGC4278   ,0.72,0.103,0.134,G,0.201,0.208,0.178,0.203,F,F,Simbad,NED,LEDA,185.02844,29.28075,NGC4278  ,20.7,0.11   ,31.6 ,1.6   ,4.8,0.3 ,20.96 ,0.21     ,35.3 ,2.9     ,4.1,0.4   ,0.92,17.69,0.02   ,4.2,2.8   ,0.86,0.07,0.000,0.554553740179
106,NGC4281   ,0.69,0.535,0.502,G,0.757,0.702,0.651,0.621,F,F,Simbad,NED,LEDA,185.08969,5.38643,NGC4281  ,20.63,0.11   ,28.5 ,1.5   ,2.8,0.3 ,21.84 ,0.76     ,27.7 ,11.7    ,7.1,2.8   ,0.45,19.19,0.07   ,19.0,1.4   ,0.47,0.54,0.062,0.876475420846
107,NGC4283   ,1.44,0.033,0.031,G,0.172,0.155,0.171,0.151,F,F,Simbad,NED,LEDA,185.08661,29.3109,NGC4283  ,19.92,0.14   ,9.0  ,0.6   ,4.6,0.5 ,22.18 ,1.32     ,21.7 ,6.5     ,7.6,1.1   ,0.96,18.27,0.05   ,3.9,3.1   ,0.95,0.19,0.000,0.857622369713
108,NGC4324   ,0.83,0.434,0.197,G,0.639,0.407,0.592,0.389,F,F,Simbad,NED,LEDA,185.77572,5.25049,NGC4324  ,20.25,0.18   ,22.1 ,2.7   ,1.8,0.7 ,0.00  ,0.00     ,0.0  ,0.0     ,0.0,0.0   ,0.0,0.0,0.00   ,0.0,0.0   ,0.0,0.0,0.000,0.87642849312
109,NGC4339   ,0.55,0.06,0.06,G,0.311,0.302,0.325,0.312,F,F,Simbad,NED,LEDA,185.8956,6.08171,NGC4339  ,21.88,0.20   ,31.3 ,3.6   ,4.1,0.6 ,19.85 ,0.36     ,8.3  ,1.9     ,1.9,0.8   ,0.96,20.69,0.06   ,24.5,1.8   ,0.94,0.6,0.094,1.27373466625
110,NGC4340   ,0.62,0.227,0.237,G,0.499,0.481,0.458,0.442,F,F,Simbad,NED,LEDA,185.89714,16.72219,NGC4340  ,22.32,0.49   ,51.3 ,25.4  ,5.3,2.2 ,0.00  ,0.00     ,0.0  ,0.0     ,0.0,0.0   ,0.0,0.0,0.00   ,0.0,0.0   ,0.0,0.0,0.000,0.90792107317
111,NGC4342   ,2.45,0.442,0.263,S,0.537,0.307,0.528,0.306,F,F,Simbad,NED,LEDA,185.9126,7.05394,NGC4342  ,17.98,0.28   ,5.6  ,0.7   ,2.9,0.4 ,18.61 ,0.12     ,8.2  ,0.5     ,1.2,0.1   ,0.38,0.0,0.00   ,0.0,0.0   ,0.0,0.0,0.000,0.596682845615
112,NGC4346   ,0.77,0.533,0.36,G,0.571,0.428,0.576,0.439,F,F,Simbad,NED,LEDA,185.86642,46.99388,NGC4346  ,19.84,0.11   ,22.8 ,1.3   ,2.8,0.4 ,17.91 ,0.18     ,4.2  ,0.4     ,0.9,0.3   ,0.75,18.86,0.02   ,21.1,0.4   ,0.44,0.77,0.021,0.731666666667
113,NGC4350   ,0.77,0.674,0.55,G,0.658,0.46,0.638,0.48,F,F,Simbad,NED,LEDA,185.99089,16.69336,NGC4350  ,19.39,0.05   ,19.8 ,0.5   ,2.7,0.1 ,17.49 ,0.20     ,3.0  ,0.3     ,0.7,0.2   ,0.78,17.69,0.01   ,15.1,0.1   ,0.38,0.86,0.015,0.647231867965
114,NGC4371   ,0.51,0.309,0.313,G,0.541,0.541,0.482,0.482,F,F,Simbad,NED,LEDA,186.23096,11.70429,NGC4371  ,21.42,0.25   ,48.5 ,6.7   ,3.8,0.6 ,0.00  ,0.00     ,0.0  ,0.0     ,0.0,0.0   ,0.0,0.0,0.00   ,0.0,0.0   ,0.0,0.0,0.000,0.861538856511
115,NGC4377   ,1.3,0.157,0.228,S,0.443,0.314,0.473,0.338,F,F,Simbad,NED,LEDA,186.30128,14.76222,NGC4377  ,20.14,0.27   ,13.0 ,2.6   ,2.2,1.2 ,0.00  ,0.00     ,0.0  ,0.0     ,0.0,0.0   ,0.0,0.0,0.00   ,0.0,0.0   ,0.0,0.0,0.000,0.707863105013
116,NGC4379   ,0.9,0.224,0.258,G,0.386,0.294,0.398,0.3,F,F,Simbad,NED,LEDA,186.31139,15.6075,NGC4379  ,20.41,0.12   ,15.7 ,0.9   ,2.6,0.3 ,20.33 ,0.07     ,15.6 ,0.5     ,2.4,0.2   ,0.7,0.0,0.00   ,0.0,0.0   ,0.0,0.0,0.000,0.590624423219
117,NGC4382   ,0.34,0.202,0.202,G,0.174,0.174,0.163,0.163,F,F,Simbad,NED,LEDA,186.35022,18.19108,NGC4382  ,22.32,0.49   ,133.5,63.4  ,5.1,1.3 ,18.60 ,0.10     ,10.4 ,0.6     ,1.9,0.2   ,0.79,19.31,0.02   ,51.0,0.7   ,0.77,0.83,0.009,0.362670239984
118,NGC4387   ,1.1,0.373,0.351,G,0.391,0.315,0.399,0.317,F,F,Simbad,NED,LEDA,186.42381,12.81036,NGC4387  ,20.2,0.05   ,13.6 ,0.4   ,2.5,0.1 ,20.20 ,0.04     ,14.0 ,0.3     ,2.0,0.1   ,0.59,0.0,0.00   ,0.0,0.0   ,0.0,0.0,0.000,0.535063965609
119,NGC4417   ,0.89,0.566,0.418,G,0.542,0.395,0.548,0.392,F,F,Simbad,NED,LEDA,186.71094,9.58412,NGC4417  ,19.93,0.04   ,24.6 ,0.4   ,2.8,0.1 ,18.39 ,0.39     ,5.3  ,1.0     ,1.7,0.6   ,0.67,18.78,0.04   ,20.5,0.7   ,0.44,0.74,0.054,0.606314460392
120,NGC4425   ,0.62,0.676,0.587,G,0.438,0.363,0.454,0.384,F,F,Simbad,NED,LEDA,186.80566,12.7348,NGC4425  ,20.7,0.07   ,28.2 ,0.9   ,1.7,0.1 ,0.00  ,0.00     ,0.0  ,0.0     ,0.0,0.0   ,0.0,0.0,0.00   ,0.0,0.0   ,0.0,0.0,0.000,0.501201282644
121,NGC4429   ,0.48,0.402,0.402,G,0.455,0.455,0.396,0.396,F,F,Simbad,NED,LEDA,186.86066,11.10754,NGC4429  ,21.1,0.19   ,65.2 ,6.6   ,2.7,0.3 ,0.00  ,0.00     ,0.0  ,0.0     ,0.0,0.0   ,0.0,0.0,0.00   ,0.0,0.0   ,0.0,0.0,0.000,0.624571494898
122,NGC4434   ,1.15,0.058,0.082,G,0.249,0.186,0.288,0.199,F,F,Simbad,NED,LEDA,186.90283,8.15431,NGC4434  ,20.44,0.13   ,11.9 ,0.8   ,2.7,0.4 ,19.10 ,0.29     ,4.7  ,0.8     ,1.6,0.8   ,0.94,19.95,0.05   ,12.1,0.7   ,0.94,0.56,0.124,0.694938144291
123,NGC4435   ,0.52,0.468,0.465,G,0.672,0.667,0.599,0.597,F,F,Simbad,NED,LEDA,186.91876,13.07902,NGC4435  ,20.48,0.07   ,26.7 ,0.9   ,4.7,0.3 ,17.85 ,0.04     ,4.1  ,0.1     ,0.6,0.1   ,0.77,17.89,0.01   ,12.7,0.1   ,0.61,0.83,0.006,0.875483276677
124,NGC4442   ,0.62,0.335,0.307,G,0.35,0.329,0.363,0.338,F,F,Simbad,NED,LEDA,187.01622,9.80362,NGC4442  ,19.72,0.06   ,29.3 ,0.7   ,2.8,0.2 ,0.00  ,0.00     ,0.0  ,0.0     ,0.0,0.0   ,0.0,0.0,0.00   ,0.0,0.0   ,0.0,0.0,0.000,0.610024829953
125,NGC4452   ,0.42,0.88,0.88,G,0.765,0.765,0.648,0.648,F,F,Simbad,NED,LEDA,187.18045,11.75503,NGC4452  ,20.31,0.12   ,25.3 ,1.6   ,1.6,0.2 ,19.77 ,0.21     ,22.9 ,5.3     ,1.1,0.6   ,0.3,0.0,0.00   ,0.0,0.0   ,0.0,0.0,0.000,0.690770320992
126,NGC4459   ,0.64,0.148,0.128,G,0.477,0.45,0.438,0.408,F,F,Simbad,NED,LEDA,187.25011,13.97858,NGC4459  ,21.36,0.22   ,47.1 ,5.9   ,3.9,0.5 ,22.53 ,0.32     ,82.0 ,16.5    ,7.5,1.4   ,0.79,0.0,0.00   ,0.0,0.0   ,0.0,0.0,0.000,1.14039466852
127,NGC4461   ,0.68,0.392,0.306,G,0.486,0.405,0.511,0.43,F,F,Simbad,NED,LEDA,187.26254,13.18386,NGC4461  ,20.33,0.16   ,27.8 ,2.6   ,2.6,0.6 ,0.00  ,0.00     ,0.0  ,0.0     ,0.0,0.0   ,0.0,0.0,0.00   ,0.0,0.0   ,0.0,0.0,0.000,0.777334140517
128,NGC4473   ,0.71,0.421,0.396,G,0.255,0.263,0.229,0.25,F,F,Simbad,NED,LEDA,187.45366,13.42932,NGC4473  ,20.67,0.14   ,38.2 ,2.6   ,5.7,0.5 ,18.80 ,0.31     ,12.6 ,3.1     ,3.1,0.8   ,0.61,20.21,0.05   ,38.6,1.3   ,0.54,0.42,0.085,0.397276078852
129,NGC4474   ,0.72,0.57,0.468,G,0.439,0.347,0.446,0.353,F,F,Simbad,NED,LEDA,187.4731,14.06867,NGC4474  ,20.83,0.11   ,22.8 ,1.2   ,3.5,0.4 ,18.38 ,0.26     ,3.5  ,0.3     ,0.9,0.3   ,0.8,18.82,0.03   ,15.0,0.3   ,0.48,0.8,0.020,0.516002468026
130,NGC4477   ,0.44,0.135,0.135,C,0.216,0.216,0.221,0.221,F,F,Simbad,NED,LEDA,187.50905,13.63644,NGC4477  ,21.35,0.33   ,41.4 ,8.5   ,4.1,1.2 ,0.00  ,0.00     ,0.0  ,0.0     ,0.0,0.0   ,0.0,0.0,0.00   ,0.0,0.0   ,0.0,0.0,0.000,0.601485814617
131,NGC4478   ,0.98,0.165,0.175,G,0.221,0.175,0.233,0.177,F,F,Simbad,NED,LEDA,187.57266,12.32858,NGC4478  ,19.56,0.03   ,13.0 ,0.2   ,2.0,0.1 ,19.93 ,0.25     ,14.3 ,0.9     ,1.9,0.1   ,0.81,18.66,0.03   ,5.4,3.1   ,0.83,0.15,0.087,0.423110927704
132,NGC4483   ,1.02,0.346,0.251,G,0.474,0.271,0.465,0.273,F,F,Simbad,NED,LEDA,187.66925,9.01566,NGC4483  ,20.76,0.15   ,19.4 ,1.6   ,2.3,0.4 ,0.00  ,0.00     ,0.0  ,0.0     ,0.0,0.0   ,0.0,0.0,0.00   ,0.0,0.0   ,0.0,0.0,0.000,0.544911265118
133,NGC4486A  ,1.96,0.224,0.224,G,0.379,0.379,0.351,0.351,F,F,Simbad,NED,LEDA,187.74054,12.27036,NGC4486A ,18.49,0.53   ,5.0  ,1.2   ,3.7,0.8 ,18.49 ,0.53     ,5.0  ,1.2     ,3.7,0.8   ,0.85,0.0,0.00   ,0.0,0.0   ,0.0,0.0,0.000,0.741622858524
134,NGC4489   ,0.62,0.085,0.075,G,0.176,0.125,0.168,0.117,F,F,Simbad,NED,LEDA,187.71767,16.7587,NGC4489  ,21.52,0.16   ,20.0 ,1.6   ,2.3,0.5 ,19.80 ,0.38     ,4.8  ,1.0     ,2.5,1.6   ,0.94,20.18,0.06   ,15.0,0.5   ,0.92,0.7,0.108,0.427223594854
135,NGC4494   ,0.48,0.173,0.173,G,0.219,0.219,0.212,0.212,F,F,Simbad,NED,LEDA,187.85014,25.77498,NGC4494  ,21.03,0.13   ,45.0 ,3.1   ,3.4,0.3 ,20.86 ,0.08     ,42.5 ,1.4     ,2.7,0.2   ,0.82,0.0,0.00   ,0.0,0.0   ,0.0,0.0,0.000,0.509697859044
136,NGC4503   ,0.61,0.446,0.429,G,0.51,0.451,0.523,0.47,F,F,Simbad,NED,LEDA,188.0258,11.17643,NGC4503  ,20.74,0.18   ,33.1 ,3.5   ,2.8,0.6 ,0.00  ,0.00     ,0.0  ,0.0     ,0.0,0.0   ,0.0,0.0,0.00   ,0.0,0.0   ,0.0,0.0,0.000,0.717578159449
137,NGC4521   ,0.89,0.566,0.482,G,0.794,0.566,0.682,0.534,F,F,Simbad,NED,LEDA,188.19885,63.93929,NGC4521  ,20.25,0.14   ,19.5 ,1.6   ,2.4,0.5 ,20.92 ,0.18     ,24.4 ,2.7     ,2.1,0.6   ,0.63,0.0,0.00   ,0.0,0.0   ,0.0,0.0,0.000,0.769161854557
138,NGC4526   ,0.45,0.361,0.361,G,0.563,0.563,0.453,0.453,F,F,Simbad,NED,LEDA,188.51262,7.69914,NGC4526  ,20.44,0.18   ,74.1 ,7.4   ,2.7,0.3 ,19.22 ,0.12     ,18.1 ,1.5     ,1.0,0.2   ,0.64,19.64,0.03   ,58.7,5.4   ,0.47,0.73,0.036,0.753953568451
139,NGC4546   ,0.66,0.527,0.465,G,0.653,0.572,0.639,0.579,F,F,Simbad,NED,LEDA,188.87294,-3.79323,NGC4546  ,19.76,0.08   ,25.8 ,0.9   ,3.3,0.2 ,17.58 ,0.55     ,4.0  ,5.5     ,3.4,1.2   ,0.83,18.2,0.03   ,18.6,0.6   ,0.5,0.69,0.284,0.849086795974
140,NGC4551   ,0.92,0.284,0.259,G,0.311,0.285,0.295,0.259,F,F,Simbad,NED,LEDA,188.90825,12.26401,NGC4551  ,20.41,0.02   ,15.4 ,0.1   ,2.0,0.0 ,21.20 ,0.29     ,14.5 ,1.4     ,4.2,1.4   ,0.71,19.19,0.04   ,9.8,0.3   ,0.74,0.45,0.037,0.508920426
141,NGC4564   ,0.78,0.56,0.477,G,0.64,0.532,0.619,0.536,F,F,Simbad,NED,LEDA,189.11247,11.43932,NGC4564  ,19.97,0.07   ,21.9 ,0.7   ,2.9,0.2 ,20.39 ,0.09     ,14.7 ,0.6     ,5.7,0.4   ,0.49,18.85,0.02   ,17.2,0.2   ,0.46,0.55,0.004,0.77607840707
142,NGC4570   ,0.7,0.626,0.551,G,0.586,0.47,0.603,0.498,F,F,Simbad,NED,LEDA,189.2225,7.24666,NGC4570  ,19.35,0.06   ,25.1 ,0.7   ,2.4,0.2 ,18.12 ,0.45     ,5.4  ,1.5     ,1.9,0.8   ,0.64,18.41,0.03   ,22.7,0.7   ,0.35,0.74,0.072,0.670893436866
143,NGC4578   ,0.7,0.289,0.282,G,0.669,0.596,0.596,0.544,F,F,Simbad,NED,LEDA,189.37727,9.55512,NGC4578  ,22.23,0.48   ,43.1 ,18.2  ,5.2,2.0 ,19.19 ,0.14     ,6.4  ,0.5     ,1.6,0.3   ,0.78,20.33,0.04   ,27.2,1.0   ,0.71,0.71,0.022,1.02441126493
144,NGC4596   ,0.56,0.254,0.254,C,0.31,0.297,0.297,0.28,F,F,Simbad,NED,LEDA,189.98306,10.17603,NGC4596  ,21.83,0.14   ,59.2 ,4.5   ,3.8,0.3 ,0.00  ,0.00     ,0.0  ,0.0     ,0.0,0.0   ,0.0,0.0,0.00   ,0.0,0.0   ,0.0,0.0,0.000,0.555573053093
145,NGC4608   ,0.56,0.115,0.115,C,0.194,0.18,0.203,0.185,F,F,Simbad,NED,LEDA,190.30537,10.15579,NGC4608  ,25.05,0.41   ,196.2,84.6  ,10.5,1.9 ,0.00  ,0.00     ,0.0  ,0.0     ,0.0,0.0   ,0.0,0.0,0.00   ,0.0,0.0   ,0.0,0.0,0.000,0.545535237773
146,NGC4612   ,0.75,0.204,0.196,R,0.428,0.345,0.407,0.324,F,F,Simbad,NED,LEDA,190.38649,7.31478,NGC4612  ,21.42,0.20   ,31.4 ,3.7   ,3.5,0.7 ,0.00  ,0.00     ,0.0  ,0.0     ,0.0,0.0   ,0.0,0.0,0.00   ,0.0,0.0   ,0.0,0.0,0.000,0.731841401353
147,NGC4621   ,0.5,0.365,0.364,G,0.273,0.272,0.291,0.291,F,F,Simbad,NED,LEDA,190.50967,11.64693,NGC4621  ,21.08,0.09   ,52.4 ,2.3   ,4.3,0.2 ,20.21 ,0.11     ,25.9 ,37.4    ,4.2,0.7   ,0.63,19.78,0.06   ,31.8,13.8  ,0.63,0.38,0.000,0.482327803356
148,NGC4623   ,0.64,0.673,0.648,G,0.66,0.602,0.598,0.564,F,F,Simbad,NED,LEDA,190.5446,7.67693,NGC4623  ,20.98,0.04   ,25.7 ,0.4   ,2.0,0.1 ,21.36 ,0.63     ,11.9 ,8.7     ,2.9,1.5   ,0.37,19.42,0.06   ,17.4,0.9   ,0.34,0.79,0.058,0.70063463295
149,NGC4624   ,0.42,0.065,0.065,C,0.292,0.288,0.297,0.293,F,F,Simbad,NED,LEDA,191.27482,3.05568,NGC4624  ,22.39,0.45   ,68.6 ,24.0  ,4.6,1.3 ,0.00  ,0.00     ,0.0  ,0.0     ,0.0,0.0   ,0.0,0.0,0.00   ,0.0,0.0   ,0.0,0.0,0.000,1.14924055191
150,NGC4638   ,0.87,0.606,0.657,G,0.909,0.895,0.691,0.715,F,F,Simbad,NED,LEDA,190.69763,11.44246,NGC4638  ,19.96,0.16   ,17.5 ,1.4   ,4.6,0.7 ,22.52 ,0.10     ,45.9 ,2.4     ,1.0,0.8   ,0.69,16.53,0.01   ,6.1,0.3   ,0.41,0.58,0.054,0.882111242152
151,NGC4643   ,0.61,0.249,0.199,G,0.321,0.323,0.255,0.254,F,F,Simbad,NED,LEDA,190.83389,1.9784,NGC4643  ,22.45,0.47   ,71.3 ,26.9  ,7.4,1.6 ,0.00  ,0.00     ,0.0  ,0.0     ,0.0,0.0   ,0.0,0.0,0.00   ,0.0,0.0   ,0.0,0.0,0.000,0.569386516371
152,NGC4649   ,0.35,0.156,0.156,G,0.123,0.123,0.127,0.127,F,F,Simbad,NED,LEDA,190.9167,11.55261,NGC4649  ,21.89,0.25   ,119.6,17.5  ,5.1,0.5 ,18.79 ,0.11     ,17.0 ,1.2     ,1.8,0.1   ,0.85,19.73,0.02   ,63.3,1.8   ,0.77,0.68,0.021,0.321544749049
153,NGC4660   ,1.39,0.441,0.315,G,0.603,0.518,0.553,0.475,F,F,Simbad,NED,LEDA,191.13321,11.19053,NGC4660  ,19.31,0.07   ,12.1 ,0.4   ,3.5,0.2 ,19.26 ,0.18     ,9.0  ,1.0     ,5.6,1.3   ,0.64,18.4,0.02   ,9.5,0.4   ,0.62,0.36,0.031,0.846327266056
154,NGC4684   ,0.7,0.598,0.596,G,0.713,0.665,0.622,0.6,F,F,Simbad,NED,LEDA,191.82286,-2.72754,NGC4684  ,20.08,0.06   ,24.5 ,0.6   ,1.9,0.1 ,19.16 ,0.37     ,8.8  ,1.0     ,0.8,0.8   ,0.42,18.99,0.03   ,20.5,3.9   ,0.4,0.78,0.034,0.777191640226
155,NGC4694   ,0.52,0.547,0.546,G,0.275,0.276,0.289,0.295,F,F,Simbad,NED,LEDA,192.06288,10.98362,NGC4694  ,21.48,0.04   ,36.1 ,0.7   ,3.0,0.1 ,20.18 ,0.29     ,12.5 ,10.3    ,1.6,0.4   ,0.48,20.09,0.04   ,25.6,8.0   ,0.44,0.64,0.369,0.399232321946
156,NGC4697   ,0.37,0.447,0.447,G,0.363,0.363,0.322,0.322,F,F,Simbad,NED,LEDA,192.14961,-5.80085,NGC4697  ,21.72,0.10   ,96.4 ,4.6   ,4.6,0.2 ,21.04 ,1.69     ,53.3 ,40.4    ,4.2,2.0   ,0.59,19.41,0.10   ,31.9,4.9   ,0.54,0.29,0.270,0.481617334894
157,NGC4710   ,0.74,0.699,0.395,G,0.731,0.496,0.652,0.456,F,F,Simbad,NED,LEDA,192.41232,15.16549,NGC4710  ,20.26,0.07   ,49.1 ,1.4   ,1.1,0.1 ,20.27 ,0.08     ,49.3 ,1.6     ,1.1,0.1   ,0.25,0.0,0.00   ,0.0,0.0   ,0.0,0.0,0.000,0.725548243168
158,NGC4733   ,0.74,0.06,0.06,C,0.096,0.088,0.086,0.076,F,F,Simbad,NED,LEDA,192.77826,10.9121,NGC4733  ,21.74,0.09   ,27.9 ,1.2   ,1.8,0.2 ,0.00  ,0.00     ,0.0  ,0.0     ,0.0,0.0   ,0.0,0.0,0.00   ,0.0,0.0   ,0.0,0.0,0.000,0.310268700753
159,NGC4753   ,0.49,0.213,0.213,G,0.537,0.537,0.467,0.467,F,F,Simbad,NED,LEDA,193.09213,-1.19969,NGC4753  ,21.4,0.18   ,80.6 ,8.1   ,2.9,0.3 ,22.05 ,0.29     ,100.9,20.4    ,3.3,0.5   ,0.55,0.0,0.00   ,0.0,0.0   ,0.0,0.0,0.000,1.01187549569
160,NGC4754   ,0.68,0.48,0.48,C,0.445,0.395,0.467,0.418,F,F,Simbad,NED,LEDA,193.07318,11.31366,NGC4754  ,21.0,0.11   ,41.3 ,2.4   ,4.5,0.3 ,0.00  ,0.00     ,0.0  ,0.0     ,0.0,0.0   ,0.0,0.0,0.00   ,0.0,0.0   ,0.0,0.0,0.000,0.603331031303
161,NGC4762   ,0.4,0.852,0.852,G,0.783,0.783,0.724,0.724,F,F,Simbad,NED,LEDA,193.23354,11.2308,NGC4762  ,20.58,0.17   ,72.4 ,6.9   ,3.0,0.3 ,17.57 ,0.05     ,3.1  ,46.1    ,0.9,0.8   ,0.73,18.08,0.02   ,35.7,12.6  ,0.14,0.9,0.000,0.784366015932
162,NGC4803   ,2.02,0.282,0.266,S,0.192,0.063,0.181,0.054,F,S,Simbad,NED,LEDA,193.89029,8.24055,NGC4803  ,19.92,0.18   ,6.2  ,0.6   ,2.8,0.6 ,19.90 ,0.12     ,6.3  ,0.4     ,1.8,0.3   ,0.62,0.0,0.00   ,0.0,0.0   ,0.0,0.0,0.000,0.104701509134
163,NGC5103   ,1.47,0.594,0.4,G,0.588,0.37,0.573,0.386,F,F,Simbad,NED,LEDA,200.12523,43.08401,NGC5103  ,20.45,0.26   ,12.6 ,1.9   ,3.9,1.5 ,17.80 ,0.52     ,1.9  ,0.8     ,0.6,0.4   ,0.83,18.14,0.03   ,7.7,0.4   ,0.51,0.83,0.089,0.610319588412
164,NGC5173   ,1.71,0.133,0.124,G,0.164,0.11,0.168,0.106,F,F,Simbad,NED,LEDA,202.1053,46.59157,NGC5173  ,20.43,0.07   ,8.7  ,0.3   ,4.4,0.3 ,19.70 ,0.33     ,5.5  ,2.5     ,2.7,1.0   ,0.87,21.07,0.13   ,10.6,5.8   ,0.87,0.26,0.260,0.301019772151
165,NGC5273   ,0.61,0.108,0.116,G,0.554,0.512,0.517,0.482,F,F,Simbad,NED,LEDA,205.53494,35.65424,NGC5273  ,21.72,0.32   ,31.7 ,8.2   ,1.8,1.1 ,19.43 ,0.47     ,3.9  ,1.2     ,1.2,0.7   ,0.89,19.86,0.06   ,20.2,0.7   ,0.91,0.9,0.032,1.41520072903
166,NGC5308   ,0.78,0.735,0.637,G,0.641,0.478,0.651,0.51,F,F,Simbad,NED,LEDA,206.75163,60.97304,NGC5308  ,21.72,0.32   ,31.7 ,8.2   ,1.8,1.1 ,18.00 ,0.30     ,3.1  ,0.5     ,0.7,0.3   ,0.66,18.18,0.02   ,17.5,0.3   ,0.31,0.88,0.024,0.638999414067
167,NGC5342   ,1.51,0.586,0.425,G,0.637,0.41,0.626,0.439,F,F,Simbad,NED,LEDA,207.85791,59.86301,NGC5342  ,19.81,0.05   ,8.1  ,0.2   ,2.4,0.1 ,18.25 ,0.41     ,1.7  ,0.5     ,1.1,0.5   ,0.82,18.52,0.04   ,6.6,0.1   ,0.53,0.79,0.068,0.673395260208
168,NGC5353   ,0.77,0.552,0.541,G,0.689,0.544,0.618,0.532,F,F,Simbad,NED,LEDA,208.36142,40.28312,NGC5353  ,19.93,0.14   ,22.3 ,1.7   ,3.3,0.5 ,0.00  ,0.00     ,0.0  ,0.0     ,0.0,0.0   ,0.0,0.0,0.00   ,0.0,0.0   ,0.0,0.0,0.000,0.723290897728
169,NGC5355   ,1.59,0.296,0.263,G,0.288,0.214,0.286,0.211,F,F,Simbad,NED,LEDA,208.43985,40.33879,NGC5355  ,20.79,0.04   ,10.1 ,0.2   ,2.4,0.1 ,20.92 ,0.02     ,10.6 ,0.1     ,2.2,0.1   ,0.7,0.0,0.00   ,0.0,0.0   ,0.0,0.0,0.000,0.411438171323
170,NGC5358   ,1.32,0.592,0.395,G,0.675,0.461,0.61,0.442,F,F,Simbad,NED,LEDA,208.5018,40.27742,NGC5358  ,20.67,0.03   ,10.8 ,0.2   ,2.0,0.1 ,19.35 ,0.46     ,2.1  ,0.3     ,0.7,0.4   ,0.81,19.38,0.05   ,7.9,0.2   ,0.56,0.85,0.033,0.703272639211
171,NGC5379   ,0.67,0.627,0.696,G,0.92,0.794,0.719,0.677,F,F,Simbad,NED,LEDA,208.89311,59.74282,NGC5379  ,21.54,0.20   ,22.6 ,2.2   ,1.1,0.5 ,0.00  ,0.00     ,0.0  ,0.0     ,0.0,0.0   ,0.0,0.0,0.00   ,0.0,0.0   ,0.0,0.0,0.000,0.811491637764
172,NGC5422   ,0.68,0.604,0.537,G,0.588,0.475,0.6,0.501,F,F,Simbad,NED,LEDA,210.17526,55.16448,NGC5422  ,19.93,0.20   ,22.1 ,3.4   ,1.7,0.7 ,18.76 ,0.47     ,4.2  ,23.7    ,1.6,1.3   ,0.69,19.41,0.06   ,22.2,6.7   ,0.36,0.78,0.410,0.683676391154
173,NGC5473   ,0.71,0.211,0.211,C,0.437,0.326,0.447,0.324,F,F,Simbad,NED,LEDA,211.18017,54.89262,NGC5473  ,20.89,0.25   ,21.3 ,3.0   ,3.7,1.0 ,0.00  ,0.00     ,0.0  ,0.0     ,0.0,0.0   ,0.0,0.0,0.00   ,0.0,0.0   ,0.0,0.0,0.000,0.705348557578
174,NGC5475   ,0.86,0.697,0.568,G,0.965,0.711,0.759,0.638,F,F,Simbad,NED,LEDA,211.30144,55.7418,NGC5475  ,20.2,0.09   ,18.6 ,0.8   ,1.5,0.2 ,18.87 ,0.58     ,2.4  ,1.7     ,0.6,0.3   ,0.83,18.79,0.05   ,13.3,0.6   ,0.39,0.91,0.072,0.846538103433
175,NGC5485   ,0.61,0.171,0.208,G,0.176,0.16,0.165,0.149,F,F,Simbad,NED,LEDA,211.79713,55.00152,NGC5485  ,21.46,0.06   ,31.5 ,1.0   ,3.1,0.1 ,21.74 ,0.19     ,34.7 ,3.7     ,3.4,0.5   ,0.74,0.0,0.00   ,0.0,0.0   ,0.0,0.0,0.000,0.326704112192
176,NGC5493   ,1.08,0.561,0.64,G,1.095,1.089,0.74,0.773,F,F,Simbad,NED,LEDA,212.87242,-5.04366,NGC5493  ,19.88,0.09   ,13.1 ,0.6   ,5.8,0.5 ,21.90 ,2.06     ,26.0 ,0.8     ,11.1,0.4   ,0.68,16.78,0.03   ,5.4,3.4   ,0.42,0.33,0.228,0.96625
177,NGC5500   ,1.1,0.234,0.214,G,0.178,0.155,0.172,0.146,F,F,Simbad,NED,LEDA,212.56352,48.54607,NGC5500  ,21.99,0.08   ,15.5 ,0.6   ,2.9,0.2 ,22.94 ,0.77     ,16.6 ,3.9     ,7.7,2.4   ,0.76,20.62,0.12   ,8.7,0.8   ,0.78,0.32,0.051,0.315606521852
178,NGC5507   ,1.36,0.252,0.144,G,0.479,0.302,0.495,0.306,F,F,Simbad,NED,LEDA,213.33282,-3.14886,NGC5507  ,20.19,0.17   ,13.1 ,1.4   ,2.1,0.7 ,18.36 ,0.36     ,2.9  ,0.7     ,1.0,0.6   ,0.84,19.38,0.04   ,11.8,0.6   ,0.76,0.75,0.045,0.806380803343
179,NGC5574   ,1.04,0.627,0.566,G,0.443,0.371,0.452,0.382,F,F,Simbad,NED,LEDA,215.23311,3.23799,NGC5574  ,20.73,0.41   ,16.4 ,4.6   ,3.8,1.8 ,19.84 ,0.16     ,13.0 ,1.3     ,1.1,0.3   ,0.6,0.0,0.00   ,0.0,0.0   ,0.0,0.0,0.000,0.507756097371
180,NGC5582   ,0.63,0.32,0.321,G,0.676,0.668,0.564,0.567,F,F,Simbad,NED,LEDA,215.1797,39.69358,NGC5582  ,23.12,0.44   ,58.4 ,22.9  ,7.3,1.8 ,0.00  ,0.00     ,0.0  ,0.0     ,0.0,0.0   ,0.0,0.0,0.00   ,0.0,0.0   ,0.0,0.0,0.000,1.00076139238
181,NGC5611   ,1.57,0.559,0.485,G,0.816,0.661,0.691,0.59,F,F,Simbad,NED,LEDA,216.0199,33.0475,NGC5611  ,19.63,0.09   ,9.1  ,0.4   ,2.8,0.2 ,19.91 ,0.05     ,10.7 ,0.3     ,1.8,0.1   ,0.44,0.0,0.00   ,0.0,0.0   ,0.0,0.0,0.000,0.847190627169
182,NGC5638   ,0.61,0.091,0.079,G,0.253,0.222,0.265,0.229,F,F,Simbad,NED,LEDA,217.41829,3.23344,NGC5638  ,21.25,0.08   ,27.1 ,1.0   ,3.5,0.2 ,23.46 ,1.46     ,69.1 ,40.9    ,8.0,2.7   ,0.87,20.19,0.15   ,12.4,0.9   ,0.93,0.12,0.083,0.814745436675
183,NGC5687   ,0.76,0.379,0.349,G,0.486,0.44,0.479,0.435,F,F,Simbad,NED,LEDA,218.7182,54.47569,NGC5687  ,22.61,0.29   ,42.8 ,6.9   ,6.6,1.1 ,18.90 ,0.15     ,3.9  ,0.5     ,1.4,0.5   ,0.76,19.35,0.02   ,12.2,1.1   ,0.65,0.71,0.055,0.736336863859
184,NGC5770   ,0.99,0.061,0.061,C,0.242,0.171,0.273,0.174,F,F,Simbad,NED,LEDA,223.31265,3.95972,NGC5770  ,21.01,0.18   ,14.8 ,1.3   ,3.3,0.8 ,0.00  ,0.00     ,0.0  ,0.0     ,0.0,0.0   ,0.0,0.0,0.00   ,0.0,0.0   ,0.0,0.0,0.000,0.704505407256
185,NGC5838   ,0.67,0.361,0.297,G,0.521,0.464,0.521,0.46,F,F,Simbad,NED,LEDA,226.35947,2.09936,NGC5838  ,20.34,0.18   ,30.8 ,3.5   ,3.4,0.7 ,0.00  ,0.00     ,0.0  ,0.0     ,0.0,0.0   ,0.0,0.0,0.00   ,0.0,0.0   ,0.0,0.0,0.000,0.84407221993
186,NGC5839   ,1.03,0.1,0.169,G,0.385,0.269,0.43,0.298,F,F,Simbad,NED,LEDA,226.36447,1.63463,NGC5839  ,21.58,0.30   ,18.6 ,3.0   ,3.1,1.2 ,0.00  ,0.00     ,0.0  ,0.0     ,0.0,0.0   ,0.0,0.0,0.00   ,0.0,0.0   ,0.0,0.0,0.000,0.724891340562
187,NGC5845   ,2.57,0.264,0.236,G,0.402,0.368,0.404,0.358,F,F,Simbad,NED,LEDA,226.50328,1.63382,NGC5845  ,17.17,0.40   ,2.7  ,1.1   ,5.2,0.8 ,17.50 ,0.17     ,3.0  ,0.7     ,3.8,0.5   ,0.75,20.34,0.09   ,6.3,4.8   ,0.75,0.08,0.000,0.736931337785
188,NGC5854   ,0.79,0.575,0.426,G,0.761,0.531,0.678,0.515,F,F,Simbad,NED,LEDA,226.94885,2.56856,NGC5854  ,20.06,0.06   ,21.1 ,0.7   ,1.7,0.1 ,0.00  ,0.00     ,0.0  ,0.0     ,0.0,0.0   ,0.0,0.0,0.00   ,0.0,0.0   ,0.0,0.0,0.000,0.789046194284
189,NGC5864   ,0.59,0.695,0.658,G,0.63,0.556,0.603,0.55,F,F,Simbad,NED,LEDA,227.38979,3.05274,NGC5864  ,20.14,0.07   ,23.7 ,0.7   ,1.3,0.1 ,0.00  ,0.00     ,0.0  ,0.0     ,0.0,0.0   ,0.0,0.0,0.00   ,0.0,0.0   ,0.0,0.0,0.000,0.678031299992
190,NGC5866   ,0.44,0.566,0.566,G,0.349,0.349,0.319,0.319,F,F,Simbad,NED,LEDA,226.62317,55.76331,NGC5866  ,20.18,0.11   ,46.7 ,2.6   ,2.3,0.2 ,21.43 ,0.26     ,72.3 ,10.7    ,1.8,0.5   ,0.42,17.57,0.02   ,13.5,0.8   ,0.42,0.33,0.092,0.424016217438
191,NGC5869   ,0.85,0.245,0.244,G,0.433,0.387,0.428,0.383,F,F,Simbad,NED,LEDA,227.45605,0.46997,NGC5869  ,21.4,0.11   ,24.4 ,1.2   ,4.8,0.4 ,21.93 ,0.17     ,30.4 ,2.7     ,5.4,0.7   ,0.75,0.0,0.00   ,0.0,0.0   ,0.0,0.0,0.000,0.775360836146
192,NGC6010   ,0.84,0.742,0.539,G,0.703,0.555,0.679,0.556,F,F,Simbad,NED,LEDA,238.57977,0.54303,NGC6010  ,19.94,0.12   ,19.2 ,1.4   ,1.8,0.4 ,20.33 ,0.22     ,23.5 ,6.5     ,0.8,0.9   ,0.24,0.0,0.00   ,0.0,0.0   ,0.0,0.0,0.000,0.757321713744
193,NGC6014   ,0.58,0.419,0.434,G,0.418,0.378,0.387,0.353,F,F,Simbad,NED,LEDA,238.9891,5.93184,NGC6014  ,22.01,0.14   ,21.1 ,1.4   ,1.7,0.2 ,21.86 ,0.13     ,20.5 ,1.2     ,1.6,0.2   ,0.63,0.0,0.00   ,0.0,0.0   ,0.0,0.0,0.000,0.535833473684
194,NGC6017   ,2.53,0.455,0.405,G,0.441,0.352,0.429,0.34,F,F,Simbad,NED,LEDA,239.31453,5.99836,NGC6017  ,19.84,0.10   ,6.3  ,0.3   ,3.7,0.3 ,19.78 ,0.05     ,7.6  ,0.1     ,1.2,0.1   ,0.52,16.58,0.00   ,1.3,6.3   ,0.86,0.32,0.173,0.534258456897
195,NGC6149   ,1.65,0.325,0.279,G,0.656,0.579,0.563,0.513,F,F,Simbad,NED,LEDA,246.85115,19.59729,NGC6149  ,20.88,0.17   ,10.4 ,0.9   ,2.3,0.6 ,19.38 ,0.35     ,3.2  ,0.5     ,0.9,0.4   ,0.76,19.83,0.05   ,9.1,0.7   ,0.7,0.73,0.057,0.971214736562
196,NGC6278   ,1.02,0.409,0.401,G,0.521,0.368,0.576,0.411,F,F,Simbad,NED,LEDA,255.20976,23.01096,NGC6278  ,20.46,0.34   ,14.1 ,4.8   ,2.5,1.4 ,18.83 ,0.49     ,3.8  ,1.6     ,1.3,0.9   ,0.8,19.61,0.06   ,13.7,1.5   ,0.52,0.66,0.160,0.649037269006
197,NGC6547   ,1.22,0.674,0.456,G,0.616,0.41,0.632,0.444,F,F,Simbad,NED,LEDA,271.29175,25.23264,NGC6547  ,20.44,0.20   ,15.7 ,1.6   ,3.4,0.6 ,17.85 ,0.67     ,1.7  ,1.2     ,0.6,0.6   ,0.88,18.57,0.04   ,8.8,1.6   ,0.47,0.83,0.184,0.657507254313
198,NGC6548   ,0.66,0.107,0.107,C,0.315,0.254,0.326,0.261,F,F,Simbad,NED,LEDA,271.49682,18.58722,NGC6548  ,25.5,0.29   ,199.0,80.2  ,10.5,1.8 ,0.00  ,0.00     ,0.0  ,0.0     ,0.0,0.0   ,0.0,0.0,0.00   ,0.0,0.0   ,0.0,0.0,0.000,0.797900281873
199,NGC6798   ,0.95,0.461,0.372,G,0.488,0.322,0.483,0.31,F,F,Simbad,NED,LEDA,291.0133,53.62475,NGC6798  ,21.67,0.22   ,23.6 ,2.8   ,4.0,0.6 ,21.73 ,0.96     ,13.8 ,15.0    ,6.7,2.6   ,0.53,20.03,0.08   ,13.3,1.2   ,0.55,0.5,0.129,0.508265022733
200,NGC7280   ,0.82,0.363,0.377,G,0.606,0.538,0.557,0.503,F,F,Simbad,NED,LEDA,336.6149,16.14827,NGC7280  ,22.44,0.59   ,42.8 ,41.8  ,6.1,2.1 ,0.00  ,0.00     ,0.0  ,0.0     ,0.0,0.0   ,0.0,0.0,0.00   ,0.0,0.0   ,0.0,0.0,0.000,0.819213895045
201,NGC7332   ,0.85,0.674,0.469,G,0.49,0.291,0.561,0.338,F,F,Simbad,NED,LEDA,339.35217,23.79835,NGC7332  ,19.44,0.13   ,24.4 ,1.7   ,2.3,0.4 ,17.61 ,0.50     ,3.5  ,1.5     ,1.4,0.7   ,0.7,18.29,0.03   ,20.1,0.6   ,0.35,0.8,0.202,0.493549002974
202,NGC7457   ,0.62,0.47,0.438,G,0.546,0.478,0.519,0.465,F,F,Simbad,NED,LEDA,345.24972,30.14489,NGC7457  ,21.96,0.30   ,59.1 ,12.1  ,3.1,0.5 ,21.32 ,0.54     ,18.7 ,7.5     ,3.6,0.9   ,0.59,19.77,0.06   ,29.0,0.8   ,0.55,0.73,0.065,0.702612541563
203,NGC7465   ,2.17,0.364,0.406,G,0.343,0.352,0.283,0.294,F,F,Simbad,NED,LEDA,345.50397,15.96487,NGC7465  ,19.27,0.08   ,7.3  ,0.3   ,3.6,0.2 ,19.30 ,0.09     ,7.6  ,0.4     ,2.9,0.3   ,0.69,0.0,0.00   ,0.0,0.0   ,0.0,0.0,0.000,0.461407143122
204,NGC7693   ,1.34,0.233,0.275,G,0.686,0.44,0.616,0.408,F,F,Simbad,NED,LEDA,353.29367,-1.29201,NGC7693  ,20.79,0.08   ,9.3  ,0.4   ,1.1,0.2 ,0.00  ,0.00     ,0.0  ,0.0     ,0.0,0.0   ,0.0,0.0,0.00   ,0.0,0.0   ,0.0,0.0,0.000,0.778025472824
205,NGC7710   ,1.84,0.581,0.548,S,0.293,0.136,0.34,0.137,F,S,Simbad,NED,LEDA,353.94226,-2.88094,NGC7710  ,20.05,0.05   ,8.3  ,0.2   ,2.5,0.2 ,20.53 ,0.12     ,9.8  ,0.6     ,2.2,0.5   ,0.47,0.0,0.00   ,0.0,0.0   ,0.0,0.0,0.000,0.185067555233
206,PGC016060 ,1.32,0.694,0.681,G,1.019,0.682,0.759,0.616,F,F,Simbad,NED,LEDA,72.14339,-3.8671,PGC016060,20.42,0.05   ,13.5 ,0.3   ,1.4,0.1 ,20.41 ,0.09     ,13.1 ,0.6     ,0.8,0.1   ,0.29,0.0,0.00   ,0.0,0.0   ,0.0,0.0,0.000,0.746461058328
207,PGC029321 ,2.32,0.14,0.146,G,0.339,0.187,0.336,0.175,F,F,Simbad,NED,LEDA,151.46322,12.96121,PGC029321,20.85,0.11   ,6.0  ,0.3   ,0.8,0.1 ,20.82 ,0.16     ,5.9  ,0.4     ,0.8,0.2   ,0.88,0.0,0.00   ,0.0,0.0   ,0.0,0.0,0.000,0.457995932266
208,PGC035754 ,2.6,0.275,0.333,G,0.258,0.275,0.21,0.266,F,F,Simbad,NED,LEDA,173.61472,33.17891,PGC035754,20.85,0.21   ,7.4  ,0.8   ,7.8,1.4 ,19.08 ,0.35     ,3.1  ,1.3     ,5.7,3.2   ,0.67,22.85,0.26   ,17.8,2.1   ,0.68,0.2,0.161,0.460956050487
209,PGC042549 ,1.57,0.369,0.45,G,0.771,0.56,0.673,0.529,F,F,Simbad,NED,LEDA,190.31651,-5.00918,PGC042549,20.46,0.13   ,9.1  ,0.6   ,1.6,0.2 ,0.00  ,0.00     ,0.0  ,0.0     ,0.0,0.0   ,0.0,0.0,0.00   ,0.0,0.0   ,0.0,0.0,0.000,0.788586640065
210,PGC044433 ,3.0,0.335,0.184,S,0.362,0.205,0.357,0.2,F,F,Simbad,NED,LEDA,194.57811,13.39141,PGC044433,19.73,0.10   ,7.1  ,0.3   ,1.9,0.2 ,18.43 ,0.47     ,1.5  ,0.5     ,0.6,0.3   ,0.79,18.59,0.04   ,5.7,0.2   ,0.54,0.85,0.049,0.46625240412
211,PGC051753 ,1.54,0.549,0.538,G,0.668,0.538,0.587,0.513,F,F,Simbad,NED,LEDA,217.31032,44.6991,PGC051753,20.54,0.10   ,8.5  ,0.4   ,1.4,0.2 ,20.43 ,0.07     ,8.5  ,0.3     ,0.9,0.1   ,0.45,0.0,0.00   ,0.0,0.0   ,0.0,0.0,0.000,0.699400965139
212,PGC054452 ,1.17,0.189,0.175,G,0.435,0.316,0.416,0.307,F,F,Simbad,NED,LEDA,228.89418,2.24819,PGC054452,21.53,0.08   ,11.4 ,0.4   ,1.7,0.2 ,0.00  ,0.00     ,0.0  ,0.0     ,0.0,0.0   ,0.0,0.0,0.00   ,0.0,0.0   ,0.0,0.0,0.000,0.733870366131
213,PGC056772 ,1.87,0.493,0.467,G,0.386,0.443,0.31,0.42,F,F,Simbad,NED,LEDA,240.54458,7.08722,PGC056772,20.93,0.13   ,9.4  ,0.6   ,2.3,0.3 ,20.76 ,0.12     ,9.3  ,0.5     ,1.4,0.2   ,0.51,0.0,0.00   ,0.0,0.0   ,0.0,0.0,0.000,0.614597586002
214,PGC058114 ,1.95,0.185,0.213,R,0.228,0.159,0.176,0.132,F,F,Simbad,NED,LEDA,246.51784,2.90655,PGC058114,0.0,0.00   ,0.0  ,0.0   ,0.0,0.0 ,0.00  ,0.00     ,0.0  ,0.0     ,0.0,0.0   ,0.0,0.0,0.00   ,0.0,0.0   ,0.0,0.0,0.000,0.286011917412
215,PGC061468 ,1.58,0.231,0.23,G,0.464,0.391,0.409,0.36,F,F,Simbad,NED,LEDA,272.36075,19.11768,PGC061468,21.12,0.18   ,9.4  ,1.0   ,1.6,0.4 ,20.57 ,0.15     ,6.7  ,0.5     ,0.9,0.2   ,0.74,0.0,0.00   ,0.0,0.0   ,0.0,0.0,0.000,0.750651890605
216,PGC071531 ,2.35,0.305,0.235,R,0.323,0.263,0.333,0.266,F,F,Simbad,NED,LEDA,352.12134,19.86396,PGC071531,0.0,0.00   ,0.0  ,0.0   ,0.0,0.0 ,0.00  ,0.00     ,0.0  ,0.0     ,0.0,0.0   ,0.0,0.0,0.00   ,0.0,0.0   ,0.0,0.0,0.000,0.54871610301
217,PGC170172 ,2.08,0.195,0.372,G,0.287,0.192,0.324,0.218,F,F,Simbad,NED,LEDA,176.73172,-5.18774,PGC170172,20.41,0.10   ,6.0  ,0.3   ,1.0,0.2 ,0.00  ,0.00     ,0.0  ,0.0     ,0.0,0.0   ,0.0,0.0,0.00   ,0.0,0.0   ,0.0,0.0,0.000,0.357425080502
218,UGC04551  ,1.59,0.137,0.137,G,0.252,0.205,0.277,0.214,F,F,Simbad,NED,LEDA,131.02458,49.79397,UGC04551 ,19.27,0.24   ,9.8  ,1.2   ,2.5,0.5 ,0.00  ,0.00     ,0.0  ,0.0     ,0.0,0.0   ,0.0,0.0,0.00   ,0.0,0.0   ,0.0,0.0,0.000,0.578167252845
219,UGC05408  ,2.68,0.168,0.248,G,0.29,0.27,0.278,0.292,F,F,Simbad,NED,LEDA,150.9661,59.43614,UGC05408 ,20.26,0.21   ,4.7  ,0.5   ,3.4,0.6 ,0.00  ,0.00     ,0.0  ,0.0     ,0.0,0.0   ,0.0,0.0,0.00   ,0.0,0.0   ,0.0,0.0,0.000,0.586350110099
220,UGC06062  ,1.55,0.449,0.449,C,0.472,0.325,0.475,0.332,F,F,Simbad,NED,LEDA,164.65666,9.05047,UGC06062 ,20.73,0.07   ,11.3 ,0.4   ,3.0,0.3 ,0.00  ,0.00     ,0.0  ,0.0     ,0.0,0.0   ,0.0,0.0,0.00   ,0.0,0.0   ,0.0,0.0,0.000,0.49546720432
221,UGC06176  ,1.58,0.252,0.33,G,0.67,0.447,0.585,0.426,F,F,Simbad,NED,LEDA,166.85275,21.65719,UGC06176 ,20.99,0.10   ,12.1 ,0.6   ,1.7,0.2 ,0.00  ,0.00     ,0.0  ,0.0     ,0.0,0.0   ,0.0,0.0,0.00   ,0.0,0.0   ,0.0,0.0,0.000,0.741570814371
222,UGC08876  ,1.93,0.408,0.18,S,0.311,0.182,0.341,0.189,F,F,Simbad,NED,LEDA,209.24194,45.97318,UGC08876 ,19.88,0.16   ,9.0  ,0.7   ,2.0,0.3 ,0.00  ,0.00     ,0.0  ,0.0     ,0.0,0.0   ,0.0,0.0,0.00   ,0.0,0.0   ,0.0,0.0,0.000,0.445477272148
223,UGC09519  ,2.48,0.484,0.407,G,0.764,0.631,0.632,0.552,F,F,Simbad,NED,LEDA,221.58803,34.37065,UGC09519 ,20.1,0.19   ,6.7  ,0.7   ,2.3,0.4 ,18.04 ,0.51     ,1.6  ,0.8     ,0.7,1.5   ,0.76,18.27,0.03   ,4.7,0.2   ,0.63,0.78,0.186,0.865250528262
